"Order","Family","Genus","Species","femalediploidnumber","sexchromosome"
"Isoptera","Termitidae","Mastotermes","Mastotermes darwiniensis",98,"XY"
"Blattodea","Polyphagidae","Cryptocercus","Cryptocercus primarius",20,"XO"
"Blattodea","Polyphagidae","Cryptocercus","Cryptocercus relictus",18,"XO"
"Isoptera","Kalotermitidae","Cryptotermes","Cryptotermes domesticus",30,"XXY"
"Isoptera","Kalotermitidae","Cryptotermes","Cryptotermes domesticus",30,"XXY"
"Isoptera","Kalotermitidae","Kalotermes","Kalotermes flavicollis",68,"XXY"
"Isoptera","Rhinotermitidae","Coptotermes","Coptotermes acinaciformis",42,"XXYY"
"Isoptera","Rhinotermitidae","Reticulitermes","Reticulitermes lucifugus grassei",42,"XXYY"
"Isoptera","Rhinotermitidae","Reticulitermes","Reticulitermes urbis",42,"homomorphic"
"Isoptera","Termitidae","Amitermes","Amitermes darwini",42,"XXYY"
"Isoptera","Termitidae","Amitermes","Amitermes eucalipti",42,""
"Isoptera","Termitidae","Amitermes","Amitermes germanus",42,""
"Isoptera","Termitidae","Amitermes","Amitermes parvus",42,"XXYY"
"Isoptera","Termitidae","Drepanotermes","Drepanotermes septentrionalis",42,"XXYY"
"Isoptera","Termitidae","Ephelotermes","Ephelotermes melachoma",42,"XXYY"
"Isoptera","Termitidae","Ephelotermes","Ephelotermes taylori",42,"XXYY"
"Isoptera","Termitidae","Lophotermes","Lophotermes septentrionalis",42,"XXYY"
"Isoptera","Termitidae","Macrognathotermes","Macrognathotermes sunteri",42,"XXYY"
"Isoptera","Termitidae","Microcerotermes","Microcerotermes boreus",42,"XXYY"
"Isoptera","Termitidae","Microcerotermes","Microcerotermes nervosus",42,"XXYY"
"Isoptera","Termitidae","Nasutitermes","Nasutitermes graveolus",42,"XXYY"
"Isoptera","Termitidae","Nasutitermes","Nasutitermes longipennis",42,"XXYY"
"Isoptera","Termitidae","Nasutitermes","Nasutitermes triodiae",42,"XXYY"
"Isoptera","Termitidae","Tumulitermes","Tumulitermes pastinator",42,"XXYY"
"Phasmatodea","Phylliidae","Leptynia","Leptynia attenuata",36,"XO"
"Phasmatodea","Phylliidae","Leptynia","Leptynia attenuata",36,"XY"
"Phasmatodea","Phylliidae","Leptynia","Leptynia caprai",40,"XO"
"Phasmatodea","Phylliidae","Leptynia","Leptynia montana",38,"XO"
"Phasmatodea","Phylliidae","Leptynia","Leptynia sp.",40,"XO"
"Orthoptera","Gryllotalpidae","Gryllotalpa","Gryllotalpa marismortui",24,"XO"
"Orthoptera","Gryllotalpidae","Gryllotalpa","Gryllotalpa tali",20,"XO"
"Orthoptera","Acrididae","Baeacris","Baeacris punctulatus",22,"XY"
"Orthoptera","Acrididae","Dichromatos","Dichromatos corupa",22,"XXY"
"Orthoptera","Acrididae","Dichromatos","Dichromatos lilloanus",22,"XXY"
"Orthoptera","Acrididae","Dichromatos","Dichromatos montanus",22,"XXY"
"Orthoptera","Acrididae","Dichromatos","Dichromatos schrottkyi",22,"XXY"
"Orthoptera","Acrididae","Leiotettix","Leiotettix politus",14,"XY"
"Orthoptera","Acrididae","Leiotettix","Leiotettix politus",14,"XXY"
"Orthoptera","Acrididae","Paratylotropidia","Paratylotropidia morsei",NA,"XXY"
"Orthoptera","Acrididae","Ronderosia","Ronderosia dubius",22,"XXY"
"Orthoptera","Acrididae","Ronderosia","Ronderosia robustus",22,"XXY"
"Orthoptera","Acrididae","Scotussa","Scotussa daguerrei",22,"XXY"
"Orthoptera","Acrididae","Scotussa","Scotussa daguerrei",22,"XXY"
"Orthoptera","Lentulidae","Karruacris","Karruacris browni",NA,"XXY"
"Orthoptera","Gryllotalpidae","Gryllotalpa","Gryllotalpa gryllotalpa",12,"XY"
"Orthoptera","Gryllotalpidae","Gryllotalpa","Gryllotalpa stepposa",12,"XY"
"Orthoptera","Gryllotalpidae","Gryllotalpa","Gryllotalpa unispina",20,"XO"
"Phasmatodea","Phylliidae","Pijnackeria","Pijnackeria hispanica",38,"XO"
"Phasmatodea","Phylliidae","Pijnackeria","Pijnackeria hispanica",54,""
"Phasmatodea","Phylliidae","Pijnackeria","Pijnackeria hispanica",57,""
"Phasmatodea","Phylliidae","Pijnackeria","Pijnackeria hispanica",76,""
"Orthoptera","Tettigoniidae","Aerotegmina","Aerotegmina kilimandjarica",34,"XO"
"Orthoptera","Tettigoniidae","Aerotegmina","Aerotegmina shengenae",28,"XO"
"Dermaptera","Arixenidae","Arixenia","Arixenia esau",60,"XY"
"Dermaptera","Forficulidae","Anechura","Anechura bipunctata",24,"XY"
"Dermaptera","Forficulidae","Apterygida","Apterygida albipennis",24,"XY"
"Dermaptera","Forficulidae","Forficula","Forficula auricularia",24,"XXY"
"Dermaptera","Forficulidae","Forficula","Forficula auricularia",24,"XXY"
"Dermaptera","Forficulidae","Forficula","Forficula auricularia",24,"XY"
"Dermaptera","Forficulidae","Forficula","Forficula auricularia",24,"XY"
"Dermaptera","Forficulidae","Forficula","Forficula auricularia",24,"XXY"
"Dermaptera","Forficulidae","Forficula","Forficula auricularia",26,"XXY"
"Dermaptera","Forficulidae","Forficula","Forficula auricularia",26,"XXY"
"Dermaptera","Forficulidae","Forficula","Forficula auricularia",24,""
"Dermaptera","Forficulidae","Forficula","Forficula auricularia",26,"XXY"
"Dermaptera","Forficulidae","Forficula","Forficula auricularia",26,"XXY"
"Dermaptera","Forficulidae","Forficula","Forficula scudderi",24,"XY"
"Dermaptera","Forficulidae","Forficula","Forficula scudderi",24,"XY"
"Dermaptera","Forficulidae","Forficula","Forficula smyrnensis",22,"XXY"
"Dermaptera","Forficulidae","Forficula","Forficula smyrnensis",29,"XXY"
"Dermaptera","Forficulidae","Pseudochelidura","Pseudochelidura sinuata",26,"XXY"
"Dermaptera","Hemimeridae","Hemimerus","Hemimerus bouvieri",8,"XXY"
"Dermaptera","Labiduridae","Anisolabis","Anisolabis marginalis",26,"XXY"
"Dermaptera","Labiduridae","Anisolabis","Anisolabis maritima",26,"XXY"
"Dermaptera","Labiduridae","Anisolabis","Anisolabis sp",44,"XXXY"
"Dermaptera","Labiduridae","Euborellia","Euborellia annulipes",26,"XXY"
"Dermaptera","Labiduridae","Euborellia","Euborellia moesta",26,"XXY"
"Dermaptera","Labiduridae","Euborellia","Euborellia stali",26,"XXY"
"Dermaptera","Labiduridae","Gonolabis","Gonolabis brunneri",24,"XY"
"Dermaptera","Labiduridae","Labidura","Labidura bidens",12,"XY"
"Dermaptera","Labiduridae","Labidura","Labidura riparia",12,"XY"
"Dermaptera","Labiduridae","Labidura","Labidura riparia",12,"XY"
"Dermaptera","Labiduridae","Labidura","Labidura riparia",14,"XY"
"Dermaptera","Labiduridae","Labidura","Labidura truncata",10,"XY"
"Dermaptera","Labiduridae","Labidura","Labidura truncata",10,"XY"
"Dermaptera","Labiduridae","Nala","Nala lividipes",34,"XY"
"Dermaptera","Labiduridae","Nala","Nala lividipes",38,"XXY"
"Dermaptera","Labiduridae","Nala","Nala lividipes",40,"XY"
"Dermaptera","Labiduridae","Notolabis","Notolabis occidentalis",24,"XY"
"Dermaptera","Labiduridae","Parisopsalis","Parisopsalis spryi",34,"XXXY"
"Dermaptera","Labiidae","Chaetospania","Chaetospania brunner",34,"XXXXY"
"Dermaptera","Labiidae","Chaetospania","Chaetospania sp.1",22,"XXY"
"Dermaptera","Labiidae","Chaetospania","Chaetospania sp.2",22,"XXY"
"Dermaptera","Labiidae","Labia","Labia minor",14,"XY"
"Dermaptera","Labiidae","Labia","Labia sp.",18,"XY"
"Dermaptera","Labiidae","Nesogaster","Nesogaster erichsoni",22,"XXY"
"Dermaptera","Labiidae","Nesogaster","Nesogaster halli",22,"XO"
"Dermaptera","Labiidae","Prolabia","Prolabia arachidis",40,"XXXY"
"Dermaptera","Labiidae","unknown","unknown sp.",38,"XXY"
"Dermaptera","Pygicranidae","Dacnodes","Dacnodes shortridgei",12,"XO"
"Dermaptera","Pygicranidae","unknown","unknown sp.",20,"XY"
"Mantodea","Mantidae","Stagmatoptera","Stagmatoptera septentrionalis",28,"XXY"
"Mantodea","Mantidae","Stagmomantis","Stagmomantis heterogamia",28,"XXY"
"Plecoptera","Perlidae","Calineuria","Calineuria jezoensis",26,"XO"
"Dermaptera","Labiduridae","Anisolabis","Anisolabis annulipes",26,"XXY"
"Plecoptera","Perlidae","Perla","Perla marginata",24,"XXOO"
"Mantodea","Mantidae","Stagmomantis","Stagmomantis carolina",28,"XXY"
"Mantophasmatodea","Austrophasmatidae","Karoophasma","Karoophasma biedouwense",14,"XO"
"Phasmatodea","Diapheromeridae","Phaenopharos","Phaenopharos khaoyaiensis",70,""
"Phasmatodea","Heteropterygidae","Sungaya","Sungaya inexpectata",44,""
"Phasmatodea","Phasmatidae","Medauroidea","Medauroidea extradentata",38,"XO"
"Phasmatodea","Phasmatidae","Medauroidea","Medauroidea extradentata",38,""
"Phasmatodea","Pseudophasmatidae","Peruphasma","Peruphasma schultei",44,"XO"
"Isoptera","Kalotermitidae","Bifiditermes","Bifiditermes improbus",36,"XXY"
"Isoptera","Kalotermitidae","Cryptotermes","Cryptotermes austrinus",NA,""
"Isoptera","Kalotermitidae","Cryptotermes","Cryptotermes brevis",36,"XYY"
"Isoptera","Kalotermitidae","Cryptotermes","Cryptotermes cristatus",NA,""
"Isoptera","Kalotermitidae","Cryptotermes","Cryptotermes cynocephalus",44,"XXY"
"Isoptera","Kalotermitidae","Cryptotermes","Cryptotermes dudleyi",40,""
"Isoptera","Kalotermitidae","Cryptotermes","Cryptotermes gearyi",48,"XY"
"Isoptera","Kalotermitidae","Cryptotermes","Cryptotermes papulosus",42,""
"Isoptera","Kalotermitidae","Cryptotermes","Cryptotermes primus",30,""
"Isoptera","Kalotermitidae","Cryptotermes","Cryptotermes queenslandis",42,"XXY"
"Isoptera","Kalotermitidae","Cryptotermes","Cryptotermes riverinae",42,""
"Isoptera","Kalotermitidae","Cryptotermes","Cryptotermes secundus",40,""
"Isoptera","Kalotermitidae","Cryptotermes","Cryptotermes secundus",40,""
"Isoptera","Kalotermitidae","Cryptotermes","Cryptotermes sp.",NA,""
"Isoptera","Kalotermitidae","Glyptotermes","Glyptotermes brevicornis",42,""
"Isoptera","Kalotermitidae","Glyptotermes","Glyptotermes iridipennis",NA,""
"Isoptera","Kalotermitidae","Incisitermes","Incisitermes barretti",NA,""
"Isoptera","Kalotermitidae","Incisitermes","Incisitermes sp.",42,""
"Isoptera","Kalotermitidae","Kalotermes","Kalotermes convexus",NA,""
"Isoptera","Kalotermitidae","Neotermes","Neotermes insularis",52,"XXXYYY"
"Isoptera","Kalotermitidae","Neotermes","Neotermes insularis",NA,""
"Isoptera","Kalotermitidae","Procryptotermes","Procryptotermes australiensis",48,"XXY"
"Isoptera","Stolotermitidae","Porotermes","Porotermes adamsoni",40,""
"Isoptera","Stolotermitidae","Stolotermes","Stolotermes victoriensis",32,"XO"
"Plecoptera","Perlidae","Perla","Perla abdominalis",26,"XXOO"
"Plecoptera","Perlidae","Perla","Perla baetica",26,"XXOO"
"Plecoptera","Perlidae","Perla","Perla bipunctata",22,"XO"
"Plecoptera","Perlidae","Perla","Perla cephalotes",26,"XXOO"
"Plecoptera","Perlidae","Perla","Perla immarginata",10,"XY"
"Plecoptera","Perlidae","Perla","Perla maxima",20,"XO"
"Plecoptera","Perlodidae","Isogenus","Isogenus alpinus",NA,""
"Plecoptera","Perlodidae","Isogenus","Isogenus fontium",26,"XXOO"
"Plecoptera","Perlodidae","Isogenus","Isogenus imhoffi",NA,""
"Plecoptera","Perlodidae","Isoperla","Isoperla grammatica",26,"XXOO"
"Plecoptera","Perlodidae","Isoperla","Isoperla rivulorum",26,"XXOO"
"Plecoptera","Perlodidae","Perlodes","Perlodes intricala",NA,""
"Plecoptera","Perlodidae","Perlodes","Perlodes jurassica",NA,""
"Plecoptera","Perlodidae","Perlodes","Perlodes microcephala",28,"XXXO"
"Orthoptera","Acrididae","Abracris","Abracris dilecta",24,"XO"
"Orthoptera","Acrididae","Abracris","Abracris sp. B",22,"XO"
"Orthoptera","Acrididae","Adimantus","Adimantus cubiceps",24,"XO"
"Orthoptera","Acrididae","Adimantus","Adimantus ornatissimus",24,"XO"
"Orthoptera","Acrididae","Albretchia","Albretchia palpata",24,"XO"
"Orthoptera","Acrididae","Aleuas","Aleuas gracilis",20,"XY"
"Orthoptera","Acrididae","Aleuas","Aleuas lineatus",20,"XY"
"Orthoptera","Acrididae","Aleuas","Aleuas sp. 1",20,"XY"
"Orthoptera","Acrididae","Aleuas","Aleuas sp. 2",22,"XY"
"Orthoptera","Acrididae","Aleuas","Aleuas sp. 3",20,"XY"
"Orthoptera","Acrididae","Aleuas","Aleuas vitticollis",20,"XO"
"Orthoptera","Acrididae","Allotruxalis","Allotruxalis sp.",24,"XO"
"Orthoptera","Acrididae","Allotruxalis","Allotruxalis strigata",24,"XO"
"Orthoptera","Acrididae","Amblytropidia","Amblytropidia australis",24,"XO"
"Orthoptera","Acrididae","Apacris","Apacris rubrithorax",24,"XO"
"Orthoptera","Acrididae","Apacris","Apacris sp. 1",24,"XO"
"Orthoptera","Acrididae","Apolobamba","Apolobamba prope pulchra",24,"XO"
"Orthoptera","Acrididae","Atrachelacris","Atrachelacris olivaceus",22,"XY"
"Orthoptera","Acrididae","Atrachelacris","Atrachelacris unicolor",22,"XY"
"Orthoptera","Acrididae","Belosacris","Belosacris coccineipes",24,"XO"
"Orthoptera","Acrididae","Bucephalacris","Bucephalacris bohlsii",22,"XO"
"Orthoptera","Acrididae","Carbonellacris","Carbonellacris grossa",24,"XO"
"Orthoptera","Acrididae","Chlorus","Chlorus bolivianus",20,"XO"
"Orthoptera","Acrididae","Chlorus","Chlorus borrelli",22,"XO"
"Orthoptera","Acrididae","Chlorus","Chlorus sp. 1",20,"XO"
"Orthoptera","Acrididae","Chlorus","Chlorus vittatus",24,"XO"
"Orthoptera","Acrididae","Cocytolettix","Cocytolettix argentina",24,"XO"
"Orthoptera","Acrididae","Cocytolettix","Cocytolettix intermedia",24,"XO"
"Orthoptera","Acrididae","Cocytolettix","Cocytolettix pulchripennis",24,"XO"
"Orthoptera","Acrididae","Cocytolettix","Cocytolettix sp. 1",24,"XO"
"Orthoptera","Acrididae","Cornops","Cornops aquaticum",24,"XO"
"Orthoptera","Acrididae","Cornops","Cornops frenatum",24,"XO"
"Orthoptera","Acrididae","Covasacris","Covasacris sp.",24,"XO"
"Orthoptera","Acrididae","Dichromorpha","Dichromorpha australis",24,"XO"
"Orthoptera","Acrididae","Dichroplus","Dichroplus alejomesai",24,"XO"
"Orthoptera","Acrididae","Dichroplus","Dichroplus auriventris",24,"XO"
"Orthoptera","Acrididae","Dichroplus","Dichroplus bergi",22,"XY"
"Orthoptera","Acrididae","Dichroplus","Dichroplus conspersus",24,"XO"
"Orthoptera","Acrididae","Dichroplus","Dichroplus democraticus",24,"XO"
"Orthoptera","Acrididae","Dichroplus","Dichroplus dubius",22,"XXY"
"Orthoptera","Acrididae","Dichroplus","Dichroplus elongatus",24,"XO"
"Orthoptera","Acrididae","Dichroplus","Dichroplus exilis",24,"XO"
"Orthoptera","Acrididae","Dichroplus","Dichroplus fuscus",24,"XO"
"Orthoptera","Acrididae","Dichroplus","Dichroplus fuscus.2",20,"XO"
"Orthoptera","Acrididae","Dichroplus","Dichroplus maculipennis",24,"XO"
"Orthoptera","Acrididae","Dichroplus","Dichroplus mantiqueirae",24,"XO"
"Orthoptera","Acrididae","Dichroplus","Dichroplus misionensis",24,"XO"
"Orthoptera","Acrididae","Dichroplus","Dichroplus obsurus",18,"XY"
"Orthoptera","Acrididae","Dichroplus","Dichroplus paraelongatus",24,"XO"
"Orthoptera","Acrididae","Dichroplus","Dichroplus paraguayensis",20,"XY"
"Orthoptera","Acrididae","Dichroplus","Dichroplus patruelis",22,"XO"
"Orthoptera","Acrididae","Dichroplus","Dichroplus piceomaculatus",22,"XY"
"Orthoptera","Acrididae","Dichroplus","Dichroplus porteri",22,"XY"
"Orthoptera","Acrididae","Dichroplus","Dichroplus pratensis",20,"XO"
"Orthoptera","Acrididae","Dichroplus","Dichroplus pseudopunctulatus",24,"XO"
"Orthoptera","Acrididae","Dichroplus","Dichroplus punctulatus",24,"XO"
"Orthoptera","Acrididae","Dichroplus","Dichroplus robustulus",24,"XO"
"Orthoptera","Acrididae","Dichroplus","Dichroplus robustus",22,"XXY"
"Orthoptera","Acrididae","Dichroplus","Dichroplus schulzi",24,"XO"
"Orthoptera","Acrididae","Dichroplus","Dichroplus silveiraguidoi",8,"XY"
"Orthoptera","Acrididae","Dichroplus","Dichroplus sp. 11",24,"XO"
"Orthoptera","Acrididae","Dichroplus","Dichroplus sp. 12",20,"XY"
"Orthoptera","Acrididae","Dichroplus","Dichroplus sp. 13",20,"XY"
"Orthoptera","Acrididae","Dichroplus","Dichroplus sp. 14",22,"XY"
"Orthoptera","Acrididae","Dichroplus","Dichroplus sp. 15",20,"XY"
"Orthoptera","Acrididae","Dichroplus","Dichroplus sp. 16",22,"XY"
"Orthoptera","Acrididae","Dichroplus","Dichroplus vittatus",20,"XY"
"Orthoptera","Acrididae","Dichroplus","Dichroplus vittatus.2",18,"XY"
"Orthoptera","Acrididae","Dichroplus","Dichroplus vittigerum",18,"XY"
"Orthoptera","Acrididae","Eucephalacris","Eucephalacris borellii",24,"XO"
"Orthoptera","Acrididae","Eujivarus","Eujivarus fusiformis",22,"XO"
"Orthoptera","Acrididae","Eujivarus","Eujivarus sp. A",22,"XO"
"Orthoptera","Acrididae","Eujivarus","Eujivarus sp. B",22,"XO"
"Orthoptera","Acrididae","Eujivarus","Eujivarus sp. C",22,"XO"
"Orthoptera","Acrididae","Eujivarus","Eujivarus vittatus",24,"XO"
"Orthoptera","Acrididae","Eulampiacris","Eulampiacris leucoptera",24,"XO"
"Orthoptera","Acrididae","Euplectrotettix","Euplectrotettix sp. 1",24,"XO"
"Orthoptera","Acrididae","Euplectrotettix","Euplectrotettix sp. 2",24,"XO"
"Orthoptera","Acrididae","Euplectrotettix","Euplectrotettix sp. 3",24,"XO"
"Orthoptera","Acrididae","Eurotettix","Eurotettix lilloanus",22,"XXY"
"Orthoptera","Acrididae","Eurotettix","Eurotettix minor",22,"XY"
"Orthoptera","Acrididae","Eurotettix","Eurotettix schrottkyi",22,"XXY"
"Orthoptera","Acrididae","Eurotettix","Eurotettix sp. 1",22,"XXY"
"Orthoptera","Acrididae","Eurotettix","Eurotettix sp. 2",22,"XXY"
"Orthoptera","Acrididae","Eusitalces","Eusitalces sp. A",24,"XO"
"Orthoptera","Acrididae","Eusitalces","Eusitalces vulneratus",24,"XO"
"Orthoptera","Acrididae","Eutryxalis","Eutryxalis sp.",24,"XO"
"Orthoptera","Acrididae","Fenestra","Fenestra bohlsii",24,"XO"
"Orthoptera","Acrididae","Haroldgrantia","Haroldgrantia lignosa",24,"XO"
"Orthoptera","Acrididae","Hyalopteryx","Hyalopteryx rufipennis",24,"XO"
"Orthoptera","Acrididae","Isonyx","Isonyx paragauyensis",24,"XO"
"Orthoptera","Acrididae","Isonyx","Isonyx sp. 1",24,"XO"
"Orthoptera","Acrididae","Jodacris","Jodacris chapadensis",20,"XO"
"Orthoptera","Acrididae","Jodacris","Jodacris ferrugineus",20,"XO"
"Orthoptera","Acrididae","Jodacris","Jodacris furcillata",20,"XO"
"Orthoptera","Acrididae","Lamiacris","Lamiacris migroguttata",24,"XO"
"Orthoptera","Acrididae","Laplatacris","Laplatacris dispar",24,"XO"
"Orthoptera","Acrididae","Laplatacris","Laplatacris sp. 1",24,"XO"
"Orthoptera","Acrididae","Leiotettix","Leiotettix flavipes",22,"XY"
"Orthoptera","Acrididae","Leiotettix","Leiotettix politus.2",14,"XXY"
"Orthoptera","Acrididae","Leiotettix","Leiotettix pulcher",22,"XY"
"Orthoptera","Acrididae","Leiotettix","Leiotettix sanguineus",24,"XO"
"Orthoptera","Acrididae","Leiotettix","Leiotettix sp. 1",16,"XXY"
"Orthoptera","Acrididae","Leiotettix","Leiotettix sp. 2",18,"XY"
"Orthoptera","Acrididae","Leiotettix","Leiotettix sp. 3",24,"XO"
"Orthoptera","Acrididae","Leiotettix","Leiotettix viridis",24,"XO"
"Orthoptera","Acrididae","Leptysma","Leptysma dorsalis",24,"XO"
"Orthoptera","Acrididae","Leptysmina","Leptysmina pallida",24,"XO"
"Orthoptera","Acrididae","Leptysmina","Leptysmina sp. 1",24,"XO"
"Orthoptera","Acrididae","Machaeropeles","Machaeropeles rostratum",24,"XO"
"Orthoptera","Acrididae","Mastusia","Mastusia quadricarinata",24,"XO"
"Orthoptera","Acrididae","Meloscirtus","Meloscirtus montanus",24,"XO"
"Orthoptera","Acrididae","Meloscirtus","Meloscirtus sp. 1",24,"XO"
"Orthoptera","Acrididae","Metaleptea","Metaleptea brevicornis adspersa",24,"XO"
"Orthoptera","Acrididae","Nahuelia","Nahuelia rubriventris",24,"XO"
"Orthoptera","Acrididae","Neopedies","Neopedies brunneri",24,"XO"
"Orthoptera","Acrididae","Neopedies","Neopedies sp. 1",24,"XO"
"Orthoptera","Acrididae","Neopedies","Neopedies sp. 2",24,"XO"
"Orthoptera","Acrididae","Neopedies","Neopedies sp. 3",24,"XO"
"Orthoptera","Acrididae","Neopedies","Neopedies sp. 4",24,"XO"
"Orthoptera","Acrididae","Notopomala","Notopomala glaucipes",24,"XO"
"Orthoptera","Acrididae","Omalotettix","Omalotettix obliquum",22,"XO"
"Orthoptera","Acrididae","Ommatolampis","Ommatolampis perspicillata",24,"XO"
"Orthoptera","Acrididae","Orphula","Orphula sp.",24,"XO"
"Orthoptera","Acrididae","Orphulella","Orphulella concinnula",24,"XO"
"Orthoptera","Acrididae","Orphulella","Orphulella punctata",24,"XO"
"Orthoptera","Acrididae","Orphulella","Orphulella sp.",24,"XO"
"Orthoptera","Acrididae","Orphulina","Orphulina pulchella",24,"XO"
"Orthoptera","Acrididae","Osmilia","Osmilia flavolineata",24,"XO"
"Orthoptera","Acrididae","Oxyblepta","Oxyblepta sp.",24,"XO"
"Orthoptera","Acrididae","Oxybleptella","Oxybleptella sagitta",24,"XO"
"Orthoptera","Acrididae","Paraorphula","Paraorphula graminea",24,"XO"
"Orthoptera","Acrididae","Parapellopedon","Parapellopedon instabilis",24,"XO"
"Orthoptera","Acrididae","Parapellopedon","Parapellopedon sp.",24,"XO"
"Orthoptera","Acrididae","Parascopas","Parascopas exertus",22,"XO"
"Orthoptera","Acrididae","Parascopas","Parascopas obesus",24,"XO"
"Orthoptera","Acrididae","Parascopas","Parascopas sanguineus",24,"XO"
"Orthoptera","Acrididae","Parascopas","Parascopas similis",24,"XO"
"Orthoptera","Acrididae","Paropaon","Paropaon laevifrons",24,"XO"
"Orthoptera","Acrididae","Paropaon","Paropaon pilosus tingomariae",24,"XO"
"Orthoptera","Acrididae","Pedies","Pedies andeanus",22,"XO"
"Orthoptera","Acrididae","Pedies","Pedies sp. 1",22,"XO"
"Orthoptera","Acrididae","Pedies","Pedies sp. 2",22,"XO"
"Orthoptera","Acrididae","Pedies","Pedies sp. 3",22,"XO"
"Orthoptera","Acrididae","Pedies","Pedies sp. 4",24,"XO"
"Orthoptera","Acrididae","Propedies","Propedies bilobus",24,"XO"
"Orthoptera","Acrididae","Propedies","Propedies bipunctatus",24,"XO"
"Orthoptera","Acrididae","Propedies","Propedies fusiformis",24,"XO"
"Orthoptera","Acrididae","Propedies","Propedies olivaceus",24,"XO"
"Orthoptera","Acrididae","Propedies","Propedies sanguineus",24,"XO"
"Orthoptera","Acrididae","Propedies","Propedies sp. 1",24,"XO"
"Orthoptera","Acrididae","Pseudoscopas","Pseudoscopas nigrigena",24,"XO"
"Orthoptera","Acrididae","Pseudoscopas","Pseudoscopas sp. 1",24,"XO"
"Orthoptera","Acrididae","Pseudoscopas","Pseudoscopas sp. 2",24,"XO"
"Orthoptera","Acrididae","Pseudoscopas","Pseudoscopas sp. 3",24,"XO"
"Orthoptera","Acrididae","Pseudoscopas","Pseudoscopas sp. 4",24,"XO"
"Orthoptera","Acrididae","Pseudoscopas","Pseudoscopas sp. 5",24,"XO"
"Orthoptera","Acrididae","Pseudoscopas","Pseudoscopas sp. 6",24,"XO"
"Orthoptera","Acrididae","Pseudoscopas","Pseudoscopas sp. 7",24,"XO"
"Orthoptera","Acrididae","Pseudoscopas","Pseudoscopas sp. 8",24,"XO"
"Orthoptera","Acrididae","Psiloscirtus","Psiloscirtus bolivianus",24,"XO"
"Orthoptera","Acrididae","Psiloscirtus","Psiloscirtus olivaceus",24,"XO"
"Orthoptera","Acrididae","Psiloscirtus","Psiloscirtus sp. A",24,"XO"
"Orthoptera","Acrididae","Pycnosarcus","Pycnosarcus atavus",18,"XO"
"Orthoptera","Acrididae","Schistocerca","Schistocerca cancellata",24,"XO"
"Orthoptera","Acrididae","Schistocerca","Schistocerca flavofasciata",24,"XO"
"Orthoptera","Acrididae","Schistocerca","Schistocerca pallens",24,"XO"
"Orthoptera","Acrididae","Schistocerca","Schistocerca paraensis",24,"XO"
"Orthoptera","Acrididae","Schistocerca","Schistocerca sp.",24,"XO"
"Orthoptera","Acrididae","Scotussa","Scotussa cliens",22,"XO"
"Orthoptera","Acrididae","Scotussa","Scotussa delicatula",16,"XY"
"Orthoptera","Acrididae","Scotussa","Scotussa impudica",24,"XO"
"Orthoptera","Acrididae","Scotussa","Scotussa lemniscata",24,"XO"
"Orthoptera","Acrididae","Scotussa","Scotussa liebermanni",22,"XO"
"Orthoptera","Acrididae","Scotussa","Scotussa sp. 1",24,"XO"
"Orthoptera","Acrididae","Scyllina","Scyllina humilis",24,"XO"
"Orthoptera","Acrididae","Scyllina","Scyllina signatipennis",22,"XY"
"Orthoptera","Acrididae","Scyllina","Scyllina sp.",24,"XO"
"Orthoptera","Acrididae","Scyllinops","Scyllinops brunneri",24,"XO"
"Orthoptera","Acrididae","Scyllinops","Scyllinops pallida",24,"XO"
"Orthoptera","Acrididae","Scyllinops","Scyllinops sp. 1",24,"XO"
"Orthoptera","Acrididae","Scyllinops","Scyllinops sp. 2",24,"XO"
"Orthoptera","Acrididae","Silvitettix","Silvitettix concolor",24,"XO"
"Orthoptera","Acrididae","Sinipta","Sinipta acuta",24,"XO"
"Orthoptera","Acrididae","Sinipta","Sinipta dalmani",24,"XO"
"Orthoptera","Acrididae","Sinipta","Sinipta maldonadoi",24,"XO"
"Orthoptera","Acrididae","Sitalces","Sitalces dorsalis",24,"XO"
"Orthoptera","Acrididae","Sitalces","Sitalces infuscatus",24,"XO"
"Orthoptera","Acrididae","Sitalces","Sitalces volxemi",20,"XO"
"Orthoptera","Acrididae","Staurorhectus","Staurorhectus longicornis",24,"XO"
"Orthoptera","Acrididae","Stenopola","Stenopola bohlsii",24,"XO"
"Orthoptera","Acrididae","Stenopola","Stenopola boliviana",24,"XO"
"Orthoptera","Acrididae","Stenopola","Stenopola dorsalis",24,"XO"
"Orthoptera","Acrididae","Stenopola","Stenopola pallida",22,"XO"
"Orthoptera","Acrididae","Stenopola","Stenopola rubrifons",24,"XO"
"Orthoptera","Acrididae","Stereotettix","Stereotettix sp. 1",24,"XO"
"Orthoptera","Acrididae","Tetrataenia","Tetrataenia surinama",20,"XO"
"Orthoptera","Acrididae","Trimerotropis","Trimerotropis ochraceipennis",24,"XO"
"Orthoptera","Acrididae","Trimerotropis","Trimerotropis pallidipennis",24,"XO"
"Orthoptera","Acrididae","Xiphiola","Xiphiola borellii",24,"XO"
"Orthoptera","Acrididae","Zygoclistron","Zygoclistron falconinum",20,"XY"
"Orthoptera","Acrididae","Zygoclistron","Zygoclistron nasicum",20,"XY"
"Orthoptera","Acrididae","Zygoclistron","Zygoclistron trachystictum",20,"XY"
"Orthoptera","Ommexechidae","Aucacris","Aucacris bullocki",24,"XO"
"Orthoptera","Ommexechidae","Calcitrena","Calcitrena maculosa",24,"XO"
"Orthoptera","Ommexechidae","Clarazella","Clarazella bimaculata",24,"XO"
"Orthoptera","Ommexechidae","Clarazella","Clarazella patagona",24,"XO"
"Orthoptera","Ommexechidae","Conometopus","Conometopus sulcaticollis",26,"XO"
"Orthoptera","Ommexechidae","Cumainocloidus","Cumainocloidus cordillerae",24,"XO"
"Orthoptera","Ommexechidae","Descampsacris","Descampsacris serrulata",24,"XO"
"Orthoptera","Ommexechidae","Graea","Graea horrida",24,"XO"
"Orthoptera","Ommexechidae","Neuquina","Neuquina fictor",22,"XY"
"Orthoptera","Ommexechidae","Ommexecha","Ommexecha sp.",24,"XO"
"Orthoptera","Ommexechidae","Ommexecha","Ommexecha virens",24,"XO"
"Orthoptera","Ommexechidae","Ommexechia","Ommexechia germari",22,"XO"
"Orthoptera","Ommexechidae","Pachyosa","Pachyosa signata",22,"XY"
"Orthoptera","Ommexechidae","Spathalium","Spathalium audouini",22,"XY"
"Orthoptera","Ommexechidae","Tetrixocephalus","Tetrixocephalus chilensis",24,"XO"
"Orthoptera","Ommexechidae","Tetrixocephalus","Tetrixocephalus micropterus",24,"XO"
"Orthoptera","Ommexechidae","Tetrixocephalus","Tetrixocephalus sergioi",24,"XO"
"Orthoptera","Ommexechidae","Tetrixocephalus","Tetrixocephalus sp.",24,"XO"
"Orthoptera","Ommexechidae","Tetrixocephalus","Tetrixocephalus willemsei",22,"XY"
"Orthoptera","Pauliniidae","Marellia","Marellia remipes",24,"XO"
"Orthoptera","Pauliniidae","Paulinia","Paulinia acuminata",24,"XO"
"Orthoptera","Pyrgomorphidae","Omura","Omura congrua",20,"XO"
"Orthoptera","Romaleidae","Alcamenes","Alcamenes clarazianus",24,"XO"
"Orthoptera","Romaleidae","Antandrus","Antandrus viridus",24,"XO"
"Orthoptera","Romaleidae","Chariacris","Chariacris miniacea",24,"XO"
"Orthoptera","Romaleidae","Chromacris","Chromacris miles",24,"XO"
"Orthoptera","Romaleidae","Chromacris","Chromacris peruviana",24,"XO"
"Orthoptera","Romaleidae","Chromacris","Chromacris speciosa",24,"XO"
"Orthoptera","Romaleidae","Coryacris","Coryacris angustipennis",24,"XO"
"Orthoptera","Romaleidae","Diponthus","Diponthus clarazianus",24,"XO"
"Orthoptera","Romaleidae","Diponthus","Diponthus communis",22,"XY"
"Orthoptera","Romaleidae","Diponthus","Diponthus dispar",22,"XO"
"Orthoptera","Romaleidae","Diponthus","Diponthus electus",22,"XO"
"Orthoptera","Romaleidae","Diponthus","Diponthus maculiferus",22,"XO"
"Orthoptera","Romaleidae","Diponthus","Diponthus prope communis",24,"XO"
"Orthoptera","Romaleidae","Diponthus","Diponthus sp.",24,"XO"
"Orthoptera","Romaleidae","Elaeochlora","Elaeochlora basalis",24,"XO"
"Orthoptera","Romaleidae","Elaeochlora","Elaeochlora brachyptera",24,"XO"
"Orthoptera","Romaleidae","Elaeochlora","Elaeochlora sp.",24,"XO"
"Orthoptera","Romaleidae","Elaeochlora","Elaeochlora trilineata",24,"XO"
"Orthoptera","Romaleidae","Elaeochlora","Elaeochlora viridicata",24,"XO"
"Orthoptera","Romaleidae","Eutropidacris","Eutropidacris collares",24,"XO"
"Orthoptera","Romaleidae","Prionolopha","Prionolopha serrata",24,"XO"
"Orthoptera","Romaleidae","Procolpia","Procolpia minor",24,"XO"
"Orthoptera","Romaleidae","Securigera","Securigera acutangula",24,"XO"
"Orthoptera","Romaleidae","Xestotrachelus","Xestotrachelus robustus",24,"XO"
"Orthoptera","Romaleidae","Xyleus","Xyleus attenuatus",24,"XO"
"Orthoptera","Romaleidae","Xyleus","Xyleus discoideus",24,"XO"
"Orthoptera","Romaleidae","Xyleus","Xyleus gracilis",24,"XO"
"Orthoptera","Romaleidae","Xyleus","Xyleus insignis",24,"XO"
"Orthoptera","Romaleidae","Xyleus","Xyleus laevipes",22,"XY"
"Orthoptera","Romaleidae","Xyleus","Xyleus modestus",24,"XO"
"Orthoptera","Romaleidae","Xyleus","Xyleus sp. 1",24,"XO"
"Orthoptera","Romaleidae","Xyleus","Xyleus sp. 2",24,"XO"
"Orthoptera","Romaleidae","Xyleus","Xyleus sp. 3",24,"XO"
"Orthoptera","Romaleidae","Zoniopoda","Zoniopoda hempeli",24,"XO"
"Orthoptera","Romaleidae","Zoniopoda","Zoniopoda iheringi",22,"XY"
"Orthoptera","Romaleidae","Zoniopoda","Zoniopoda juncorum",24,"XO"
"Orthoptera","Romaleidae","Zoniopoda","Zoniopoda omnicolor",24,"XO"
"Orthoptera","Romaleidae","Zoniopoda","Zoniopoda similis",24,"XO"
"Orthoptera","Romaleidae","Zoniopoda","Zoniopoda tarsata",24,"XO"
"Orthoptera","Tristiridae","Atacamacris","Atacamacris diminuta",10,"XY"
"Orthoptera","Tristiridae","Elysiacris","Elysiacris angusticollis",22,"XO"
"Orthoptera","Tristiridae","Illapelia","Illapelia penai",24,"XO"
"Orthoptera","Tristiridae","Peplacris","Peplacris recutita",22,"XO"
"Orthoptera","Tristiridae","Tropidostethus","Tropidostethus bicarinatus",22,"XO"
"Phasmatodea","Phylliidae","Clonopsis","Clonopsis androgenes",44,""
"Phasmatodea","Phylliidae","Clonopsis","Clonopsis felicitatis",36,"XO"
"Phasmatodea","Phylliidae","Clonopsis","Clonopsis gallica",54,""
"Phasmatodea","Phylliidae","Clonopsis","Clonopsis maroccana",22,"XO"
"Phasmatodea","Phylliidae","Clonopsis","Clonopsis soumiae",72,""
"Phasmatodea","Phylliidae","Clonopsis","Clonopsis sp. 2",72,""
"Phasmatodea","Phylliidae","Clonopsis","Clonopsis sp. 1",36,"XO"
"Phasmatodea","Phasmatidae","Acanthoxyla","Acanthoxyla inermis",36,""
"Phasmatodea","Phasmatidae","Acanthoxyla","Acanthoxyla intermedia",38,""
"Phasmatodea","Phasmatidae","Clitarchus","Clitarchus hookeri",36,""
"Phasmatodea","Phasmidae","Carausius","Carausius morosus",64,""
"Phasmatodea","Phylliidae","Bacillus","Bacillus atticus",34,""
"Phasmatodea","Phylliidae","Bacillus","Bacillus grandii benazzii",34,"XO"
"Phasmatodea","Phylliidae","Bacillus","Bacillus grandii grandii",34,"XO"
"Phasmatodea","Phylliidae","Bacillus","Bacillus lynceorum",51,""
"Phasmatodea","Phylliidae","Bacillus","Bacillus rossius-grandii benazzii",35,""
"Phasmatodea","Phylliidae","Bacillus","Bacillus rossius-grandii grandii",35,""
"Phasmatodea","Phylliidae","Bacillus","Bacillus whitei",35,""
"Phasmatodea","Phylliidae","Pijnackeria","Pijnackeria barbarae",38,"XO"
"Phasmatodea","Phylliidae","Pijnackeria","Pijnackeria lelongi",38,"XO"
"Phasmatodea","Phylliidae","Pijnackeria","Pijnackeria lucianae",38,"XO"
"Phasmatodea","Phylliidae","Pijnackeria","Pijnackeria masettii",58,"XO"
"Phasmatodea","Phylliidae","Pijnackeria","Pijnackeria originis",38,"XO"
"Orthoptera","Acrididae","Chirista","Chirista compta",24,"XO"
"Orthoptera","Acrididae","Coryphosima","Coryphosima stenoptera",24,"XO"
"Dermaptera","Forficulidae","Forficula","Forficula sp",28,"XXY"
"Dermaptera","Pygicranidae","Diplatys","Diplatys gladiator",18,"XY"
"Isoptera","Termitidae","Kalotermes","Kalotermes approximatus",34,"XXY"
"Isoptera","Termitidae","Kalotermes","Kalotermes approximatus",32,"XXYY"
"Phasmatodea","Phasmatidae","Acanthoxyla","Acanthoxyla fasciata",NA,""
"Phasmatodea","Phasmatidae","Acanthoxyla","Acanthoxyla geisovii",38,""
"Phasmatodea","Phasmatidae","Acanthoxyla","Acanthoxyla huttoni",NA,""
"Phasmatodea","Phasmatidae","Acanthoxyla","Acanthoxyla prasina",NA,""
"Phasmatodea","Phasmatidae","Acanthoxyla","Acanthoxyla speciosa",NA,""
"Phasmatodea","Phasmatidae","Acanthoxyla","Acanthoxyla suteri",NA,""
"Phasmatodea","Timematidae","Timema","Timema poppensis",24,""
"Phasmatodea","Timematidae","Timema","Timema shepardi",24,""
"Isoptera","Termitidae","Acidnotermes","Acidnotermes praus",42,"XXYY"
"Isoptera","Termitidae","Afrosubulitermes","Afrosubulitermes congoensis",42,"XXYY"
"Isoptera","Termitidae","Crenetermes","Crenetermes albotarsalis",42,"XXYY"
"Isoptera","Termitidae","Cubitermes","Cubitermes exiguus",42,"XXYY"
"Isoptera","Termitidae","Cubitermes","Cubitermes sankurensis",42,"XXYY"
"Isoptera","Termitidae","Cubitermes","Cubitermes sp. 1.",42,"XXYY"
"Isoptera","Termitidae","Cubitermes","Cubitermes weissi",42,"XXYY"
"Isoptera","Termitidae","Kalotermes","Kalotermes Flavicollis",62,"XXYY"
"Isoptera","Termitidae","Macrotermes","Macrotermes bellicosus",42,"XXYY"
"Isoptera","Termitidae","Microcerotermes","Microcerotermes fuscotibiatis",42,"XXYY"
"Isoptera","Termitidae","Microcerotermes","Microcerotermes parvulus",42,"XXYY"
"Isoptera","Termitidae","Microcerotermes","Microcerotermes sp.1",44,"XXYY"
"Isoptera","Termitidae","Microcerotermes","Microcerotermes sp.2",42,"XXYY"
"Isoptera","Termitidae","Microtermes","Microtermes sp.1",42,"XXYY"
"Isoptera","Termitidae","Nasutitermes","Nasutitermes arboreus",42,"XXYY"
"Isoptera","Termitidae","Noditermes","Noditermes lamanianus",38,"XXYY"
"Isoptera","Termitidae","Odontotermes","Odontotermes redemanni",48,"XXYY"
"Isoptera","Termitidae","Odontotermes","Odontotermes snyderi",42,"XXYY"
"Isoptera","Termitidae","Odontotermes","Odontotermes sp.1",42,"XXYY"
"Isoptera","Termitidae","Ophiotermes","Ophiotermes mandibularis",42,"XXYY"
"Isoptera","Termitidae","Pericapritermes","Pericapritermes sp.1",42,"XXYY"
"Isoptera","Termitidae","Procubitermes","Procubitermes sp. 1",38,"XXYY"
"Isoptera","Termitidae","Protermes","Protermes minimus",42,"XXYY"
"Isoptera","Termitidae","Pseudacanthotermes","Pseudacanthotermes militaris",42,"XXYY"
"Isoptera","Termitidae","Reticulitermes","Reticulitermes flavipes",42,"XXYY"
"Isoptera","Termitidae","Reticulitermes","Reticulitermes lucifugus",42,"XXYY"
"Isoptera","Termitidae","Reticutitermes","Reticutitermes santonensis",42,"XXYY"
"Isoptera","Termitidae","Schedorhinotermes","Schedorhinotermes lamanianus",38,"XXYY"
"Isoptera","Termitidae","Tenuirostritermes","Tenuirostritermes tenuirostris",NA,"XXYY"
"Isoptera","Termitidae","Thoracotermes","Thoracotermes macrothorax",42,"XXYY"
"Isoptera","Termitidae","Tuberculitermes","Tuberculitermes bycanistes",42,"XXYY"
"Isoptera","Termitidae","Unguitermes","Unguitermes bouilloni",42,"XXYY"
"Isoptera","Termitidae","Zootermopsis","Zootermopsis angusticollis",52,"XXYY"
"Isoptera","Termitidae","Zootermopsis","Zootermopsis angusticollis",52,"XXYY"
"Isoptera","Termitidae","Zootermopsis","Zootermopsis nevadensis",52,"XXYY"
"Orthoptera","Tettigoniidae","Isophya","Isophya altaica",32,"XO"
"Orthoptera","Tettigoniidae","Isophya","Isophya andreevae",32,"XO"
"Orthoptera","Tettigoniidae","Isophya","Isophya bureschi",32,"XO"
"Orthoptera","Tettigoniidae","Isophya","Isophya camptoxypha",32,"XO"
"Orthoptera","Tettigoniidae","Isophya","Isophya gulae",32,"XO"
"Orthoptera","Tettigoniidae","Isophya","Isophya hemiptera",30,"XY"
"Orthoptera","Tettigoniidae","Isophya","Isophya hospodat",32,"XO"
"Orthoptera","Tettigoniidae","Isophya","Isophya kalishevskii",32,"XO"
"Orthoptera","Tettigoniidae","Isophya","Isophya kisi",32,"XO"
"Orthoptera","Tettigoniidae","Isophya","Isophya krausii",32,"XO"
"Orthoptera","Tettigoniidae","Isophya","Isophya miksici",32,"XO"
"Orthoptera","Tettigoniidae","Isophya","Isophya modesta longicaudata",32,"XO"
"Orthoptera","Tettigoniidae","Isophya","Isophya modestior",32,"XO"
"Orthoptera","Tettigoniidae","Isophya","Isophya obtusa",32,"XO"
"Orthoptera","Tettigoniidae","Isophya","Isophya petkovi",32,"XO"
"Orthoptera","Tettigoniidae","Isophya","Isophya pienensis",32,"XO"
"Orthoptera","Tettigoniidae","Isophya","Isophya plevnensis",32,"XO"
"Orthoptera","Tettigoniidae","Isophya","Isophya pravdini adamovici",32,"XO"
"Orthoptera","Tettigoniidae","Isophya","Isophya pravdini pravdini",32,"XO"
"Orthoptera","Tettigoniidae","Isophya","Isophya rammei",32,"XO"
"Orthoptera","Tettigoniidae","Isophya","Isophya rectipennis",32,"XO"
"Orthoptera","Tettigoniidae","Isophya","Isophya rhodopensis",32,"XO"
"Orthoptera","Tettigoniidae","Isophya","Isophya schneideri",32,"XO"
"Orthoptera","Tettigoniidae","Isophya","Isophya speciosa",32,"XO"
"Orthoptera","Tettigoniidae","Isophya","Isophya tosevski",32,"XO"
"Dermaptera","Labiduridae","Labidura","Labidura bengalensis",14,"XY"
"Blattodea","Blaberidae","Archimandrita","Archimandrita tessellata",46,"XO"
"Blattodea","Blaberidae","Blaberus","Blaberus atropos",74,"XO"
"Blattodea","Blaberidae","Blaberus","Blaberus cranifer",74,"XO"
"Blattodea","Blaberidae","Blaberus","Blaberus discoidalis",38,"XO"
"Blattodea","Blaberidae","Blaberus","Blaberus giganteus",74,"XO"
"Blattodea","Blaberidae","Blaberus","Blaberus parabolicus",40,"XO"
"Blattodea","Blaberidae","Byrsotria","Byrsotria fumigata",48,"XO"
"Blattodea","Blaberidae","Capucina","Capucina patula",38,"XO"
"Blattodea","Blaberidae","Diploptera","Diploptera punctata",48,"XO"
"Blattodea","Blaberidae","Epilampra","Epilampra abdomennigrum",42,"XO"
"Blattodea","Blaberidae","Epilampra","Epilampra grisea",50,"XO"
"Blattodea","Blaberidae","Epilampra","Epilampra maculicollis",38,"XO"
"Blattodea","Blaberidae","Epilampra","Epilampra maya",36,"XO"
"Blattodea","Blaberidae","Epilampra","Epilampra sagitta",44,"XO"
"Blattodea","Blaberidae","Epilampra","Epilampra sp.81B",40,"XO"
"Blattodea","Blaberidae","Eublaberus","Eublaberus distanti",66,"XO"
"Blattodea","Blaberidae","Eublaberus","Eublaberus posticus",44,"XO"
"Blattodea","Blaberidae","Galiblatta","Galiblatta williamsi",28,"XO"
"Blattodea","Blaberidae","Gromphadorhina","Gromphadorhina brunneri",64,"XO"
"Blattodea","Blaberidae","Gromphadorhina","Gromphadorhina chopardi",76,"XO"
"Blattodea","Blaberidae","Gromphadorhina","Gromphadorhina portentosa",64,"XO"
"Blattodea","Blaberidae","Hormetica","Hormetica scrobiculata",32,"XO"
"Blattodea","Blaberidae","Hormetica","Hormetica ventralis",32,"XO"
"Blattodea","Blaberidae","Hyporhicnoda","Hyporhicnoda litomorpha",44,"XO"
"Blattodea","Blaberidae","Lanxoblatta","Lanxoblatta emarginata",66,"XO"
"Blattodea","Blaberidae","Leucophaea","Leucophaea maderae",24,"XO"
"Blattodea","Blaberidae","Macropanesthia","Macropanesthia rhinoceros",80,"XO"
"Blattodea","Blaberidae","Nauphoeta","Nauphoeta cinerea",38,"XO"
"Blattodea","Blaberidae","Panchlora","Panchlora nivea",36,"XO"
"Blattodea","Blaberidae","Panchlora","Panchlora sp.",32,"XO"
"Blattodea","Blaberidae","Panchlora","Panchlora viridis",38,"XO"
"Blattodea","Blaberidae","Panesthia","Panesthia sp.",38,"XO"
"Blattodea","Blaberidae","Panesthia","Panesthia stellata",38,"XO"
"Blattodea","Blaberidae","Petasodes","Petasodes dominicana",54,"XO"
"Blattodea","Blaberidae","Phoetalia","Phoetalia circumvagans",54,"XO"
"Blattodea","Blaberidae","Phortioica","Phortioica phoraspoides",66,"XO"
"Blattodea","Blaberidae","Pinaconota","Pinaconota sicca",34,"XO"
"Blattodea","Blaberidae","Proscratea","Proscratea complanata",36,"XO"
"Blattodea","Blaberidae","Pycnoscelus","Pycnoscelus indicus",36,"XO"
"Blattodea","Blaberidae","Pycnoscelus","Pycnoscelus surinamensis",35,""
"Blattodea","Blaberidae","Pycnoscelus","Pycnoscelus surinamensis",53,""
"Blattodea","Blaberidae","Rhabdoblatta","Rhabdoblatta annandalei",50,"XO"
"Blattodea","Blaberidae","Rhabdoblatta","Rhabdoblatta sp.39T",32,"XO"
"Blattodea","Blaberidae","Sp.","Sp. sp41B",30,"XO"
"Blattodea","Blattellidae","Agmoblatta","Agmoblatta thaxteri",26,"XO"
"Blattodea","Blattellidae","Amazonina","Amazonina conspersa",24,"XO"
"Blattodea","Blattellidae","Amazonina","Amazonina n.sp.",26,"XO"
"Blattodea","Blattellidae","Amazonina","Amazonina n.sp.38B",26,"XO"
"Blattodea","Blattellidae","Attaphila","Attaphila fungicola",34,"XO"
"Blattodea","Blattellidae","Blattella","Blattella bisignata",24,"XO"
"Blattodea","Blattellidae","Blattella","Blattella germanica",24,"XO"
"Blattodea","Blattellidae","Blattella","Blattella lituricollis lituricollis",26,"XO"
"Blattodea","Blattellidae","Blattella","Blattella sauteri",24,"XO"
"Blattodea","Blattellidae","Blattella","Blattella sp.C43T",28,"XO"
"Blattodea","Blattellidae","Blattella","Blattella sp.D",30,"XO"
"Blattodea","Blattellidae","Blattella","Blattella sp.E71A",50,"XO"
"Blattodea","Blattellidae","Blattella","Blattella vaga",24,"XO"
"Blattodea","Blattellidae","Cariblatta","Cariblatta lutea minima",26,"XO"
"Blattodea","Blattellidae","Dendroblatta","Dendroblatta cnephaia",32,"XO"
"Blattodea","Blattellidae","Dendroblatta","Dendroblatta sobrina",26,"XO"
"Blattodea","Blattellidae","Ectobius","Ectobius pallidus",22,"XO"
"Blattodea","Blattellidae","Gislenia","Gislenia australica",34,"XO"
"Blattodea","Blattellidae","Hemithyrsocera","Hemithyrsocera lateralis",26,"XO"
"Blattodea","Blattellidae","Ischnoptera","Ischnoptera castanea",34,"XO"
"Blattodea","Blattellidae","Ischnoptera","Ischnoptera deropeltiformis",50,"XO"
"Blattodea","Blattellidae","Ischnoptera","Ischnoptera galibi",44,"XO"
"Blattodea","Blattellidae","Ischnoptera","Ischnoptera mura",34,"XO"
"Blattodea","Blattellidae","Ischnoptera","Ischnoptera panamae",40,"XO"
"Blattodea","Blattellidae","Ischnoptera","Ischnoptera rufa rufa",40,"XO"
"Blattodea","Blattellidae","Ischnoptera","Ischnoptera sp.93B",38,"XO"
"Blattodea","Blattellidae","Loboptera","Loboptera decipiens",34,"XO"
"Blattodea","Blattellidae","Lobopterella","Lobopterella dimidiatipes",38,"XO"
"Blattodea","Blattellidae","Lophoblatta","Lophoblatta brevis",32,"XO"
"Blattodea","Blattellidae","Lophoblatta","Lophoblatta fissa",16,"XO"
"Blattodea","Blattellidae","Lupparia","Lupparia notulata",20,"XO"
"Blattodea","Blattellidae","Margattea","Margattea punctulata",32,"XO"
"Blattodea","Blattellidae","Nahublattella","Nahublattella n.sp.72B",20,"XO"
"Blattodea","Blattellidae","Parasymploce","Parasymploce limbata",24,"XO"
"Blattodea","Blattellidae","Parasymploce","Parasymploce sp.25T",32,"XO"
"Blattodea","Blattellidae","Parasymploce","Parasymploce sp.30T",32,"XO"
"Blattodea","Blattellidae","Parcoblatta","Parcoblatta fulvescens",38,"XO"
"Blattodea","Blattellidae","Parcoblatta","Parcoblatta pennsylvanica",38,"XO"
"Blattodea","Blattellidae","Pseudomops","Pseudomops septentrionalis",32,"XO"
"Blattodea","Blattellidae","Shawella","Shawella couloniana",36,"XO"
"Blattodea","Blattellidae","Supella","Supella longipalpa",20,"XO"
"Blattodea","Blattellidae","Symploce","Symploce capitata",28,"XO"
"Blattodea","Blattellidae","Symploce","Symploce fusca",30,"XO"
"Blattodea","Blattellidae","Symplocodes","Symplocodes marmorata",40,"XO"
"Blattodea","Blattellidae","Symplocodes","Symplocodes n.sp.50",38,"XO"
"Blattodea","Blattellidae","Xestoblatta","Xestoblatta immaculata",38,"XO"
"Blattodea","Blattidae","Blatta","Blatta orientalis",48,"XO"
"Blattodea","Blattidae","Cryptocercus","Cryptocercus punctulatus",40,"XO"
"Blattodea","Blattidae","Deropeltis","Deropeltis erythrocephala",50,"XO"
"Blattodea","Blattidae","Duchailluia","Duchailluia n.sp.",42,"XO"
"Blattodea","Blattidae","Eurycotis","Eurycotis biolleyi",22,"XO"
"Blattodea","Blattidae","Eurycotis","Eurycotis decipiens",28,"XO"
"Blattodea","Blattidae","Eurycotis","Eurycotis floridana",28,"XO"
"Blattodea","Blattidae","Lamproblatta","Lamproblatta albipalpus",18,"XO"
"Blattodea","Blattidae","Pelmatosilpha","Pelmatosilpha coriacea",38,"XO"
"Blattodea","Blattidae","Periplaneta","Periplaneta americana",34,"XO"
"Blattodea","Blattidae","Periplaneta","Periplaneta australasiae",28,"XO"
"Blattodea","Blattidae","Periplaneta","Periplaneta brunnea",28,"XO"
"Blattodea","Blattidae","Periplaneta","Periplaneta fuliginosa",28,"XO"
"Blattodea","Blattidae","Periplaneta","Periplaneta japonica",34,"XO"
"Blattodea","Polyphagidae","Arenivaga","Arenivaga investigata",46,"XO"
"Blattodea","Polyphagidae","Cryptocercus","Cryptocercus punctulatus",38,"XO"
"Blattodea","Polyphagidae","Cryptocercus","Cryptocercus punctulatus",48,"XO"
"Blattodea","Polyphagidae","Latindia","Latindia sp.3",NA,""
"Blattodea","Polyphagidae","Polyphaga","Polyphaga aegyptiaca",64,"XO"
"Embiidina","Embiidae","Cleomia","Cleomia guareschii",22,"XO"
"Embiidina","Embiidae","Embia","Embia nuragica",24,"XO"
"Embiidina","Embiidae","Embia","Embia ramburi",22,"XO"
"Embiidina","Embiidae","Embia","Embia tyrrhenica",22,"XO"
"Embiidina","Oligotomidae","Haploembia","Haploembia palaui",22,"XO"
"Embiidina","Oligotomidae","Haploembia","Haploembia solieri",20,"XO"
"Embiidina","Oligotomidae","Oligotoma","Oligotoma japonica",20,"XO"
"Embiidina","Oligotomidae","Oligotoma","Oligotoma saundersi",22,"XO"
"Grylloblata","Grylloblatidae","Galloisiana","Galloisiana nipponensis",30,"XY"
"Grylloblata","Grylloblatidae","Grylloblatta","Grylloblatta campodeioformis",30,"XY"
"Mantodea","Amorphoscelidae","Amorphoscelis","Amorphoscelis indica",34,"XO"
"Mantodea","Amorphoscelidae","Cliomantis","Cliomantis cornuta",26,"XO"
"Mantodea","Amorphoscelidae","Glabromantis","Glabromantis nebulosa",26,"XO"
"Mantodea","Empusidae","Empusa","Empusa egena",28,"XO"
"Mantodea","Empusidae","Empusa","Empusa pauperata",28,"XO"
"Mantodea","Empusidae","Empusa","Empusa spinosa",28,"XO"
"Mantodea","Empusidae","Gongylus","Gongylus gongyloides",28,"XO"
"Mantodea","Eremiaphilidae","Didymocorypha","Didymocorypha lanceolata",16,"XO"
"Mantodea","Eremiaphilidae","Didymocorypha","Didymocorypha lanceolata",18,"XO"
"Mantodea","Eremiaphilidae","Humbertiella","Humbertiella indica",24,"XO"
"Mantodea","Eremiaphilidae","Humbertiella","Humbertiella n.sp.",40,"XO"
"Mantodea","Eremiaphilidae","Humbertiella","Humbertiella similis",32,"XO"
"Mantodea","Eremiaphilidae","Humbertiella","Humbertiella sp.",22,"XO"
"Mantodea","Hymenopodidae","Acanthops","Acanthops falcata",20,"XO"
"Mantodea","Hymenopodidae","Acanthops","Acanthops godmani",20,"XO"
"Mantodea","Hymenopodidae","Acontiothespis","Acontiothespis cordillerae vitrea",16,"XO"
"Mantodea","Hymenopodidae","Acontiothespis","Acontiothespis multicolor",16,""
"Mantodea","Hymenopodidae","Acontiothespis","Acontiothespis sp.",16,"XO"
"Mantodea","Hymenopodidae","Antemna","Antemna rapax",28,"XXY"
"Mantodea","Hymenopodidae","Creobroter","Creobroter gemmatus",28,"XO"
"Mantodea","Hymenopodidae","Creobroter","Creobroter laevicollis",28,"XO"
"Mantodea","Hymenopodidae","Creobroter","Creobroter urbanus",28,"XO"
"Mantodea","Hymenopodidae","Euantissa","Euantissa ornata",34,"XO"
"Mantodea","Hymenopodidae","Harpagomantis","Harpagomantis tricolor",26,"XO"
"Mantodea","Hymenopodidae","Hestiasula","Hestiasula brunneriana",28,"XO"
"Mantodea","Hymenopodidae","Pseudacanthops","Pseudacanthops medusa",20,""
"Mantodea","Hymenopodidae","Tithrone","Tithrone roseipennis",16,"XO"
"Mantodea","Mantidae","Aethalochroa","Aethalochroa ashmoliana",30,"XO"
"Mantodea","Mantidae","Ameles","Ameles abjecta",30,"XO"
"Mantodea","Mantidae","Ameles","Ameles heldreichi",29,"XO"
"Mantodea","Mantidae","Ameles","Ameles sp.",21,"XO"
"Mantodea","Mantidae","Angela","Angela guianensis",NA,""
"Mantodea","Mantidae","Antistia","Antistia sp.",28,"XO"
"Mantodea","Mantidae","Apterornantis","Apterornantis bolivari",30,"XO"
"Mantodea","Mantidae","Archimantis","Archimantis quinquelobata",28,"XXY"
"Mantodea","Mantidae","Archimantis","Archimantis sobrina",28,"XXY"
"Mantodea","Mantidae","Arneles","Arneles cypria",27,"XO"
"Mantodea","Mantidae","Bisanthe","Bisanthe pulchripennis",22,"XO"
"Mantodea","Mantidae","Bolbe","Bolbe nigra",30,"XO"
"Mantodea","Mantidae","Bolbe","Bolbe pallida",30,"XO"
"Mantodea","Mantidae","Brunneria","Brunneria borealis",28,""
"Mantodea","Mantidae","Callimantis","Callimantis antillarum",18,"XO"
"Mantodea","Mantidae","Cheddikulama","Cheddikulama straminea",28,"XXY"
"Mantodea","Mantidae","Choeradodis","Choeradodis rhombicollis",32,"XXY"
"Mantodea","Mantidae","Compsothespis","Compsothespis anomala",30,"XXY"
"Mantodea","Mantidae","Compsothespis","Compsothespis natalica",30,"XXY"
"Mantodea","Mantidae","Deiphobe","Deiphobe brunneri",20,"XO"
"Mantodea","Mantidae","Deiphobe","Deiphobe indica",28,"XXY"
"Mantodea","Mantidae","Dystacta","Dystacta alticeps",26,"XO"
"Mantodea","Mantidae","Haldwania","Haldwania liliputana",16,"XO"
"Mantodea","Mantidae","Hierodula","Hierodula coarctata",28,"XXY"
"Mantodea","Mantidae","Hierodula","Hierodula patellifera",28,"XXY"
"Mantodea","Mantidae","Hierodula","Hierodula sp.",28,"XXY"
"Mantodea","Mantidae","Hierodula","Hierodula tenuidentata",28,"XXY"
"Mantodea","Mantidae","Hierodula","Hierodula venosa",28,"XXY"
"Mantodea","Mantidae","Hierodula","Hierodula ventralis",28,"XXY"
"Mantodea","Mantidae","Holaptilon","Holaptilon pusillulurn",30,"XO"
"Mantodea","Mantidae","Hoplocorypha","Hoplocorypha macra",36,"XO"
"Mantodea","Mantidae","Hoplocorypha","Hoplocorypha sp.",28,"XO"
"Mantodea","Mantidae","Ima","Ima fusca",34,"XY"
"Mantodea","Mantidae","Iris","Iris aratoria",26,"XO"
"Mantodea","Mantidae","Kongobatha","Kongobatha diadernata",30,"XO"
"Mantodea","Mantidae","Leptomantis","Leptomantis parva",40,"XO"
"Mantodea","Mantidae","Ligaria","Ligaria quadripunctata",24,"XO"
"Mantodea","Mantidae","Liturgusa","Liturgusa actuosa",24,"XO"
"Mantodea","Mantidae","Liturgusa","Liturgusa cursor",34,"XO"
"Mantodea","Mantidae","Liturgusa","Liturgusa maya",18,"XO"
"Mantodea","Mantidae","Liturgusa","Liturgusa sp.",22,"XO"
"Mantodea","Mantidae","mantidae sp","mantidae sp",30,"XO"
"Mantodea","Mantidae","Mantis","Mantis octospilota",28,"XXY"
"Mantodea","Mantidae","Mantis","Mantis religiosa",28,"XXY"
"Mantodea","Mantidae","Melliera","Melliera brevipes",28,"XXY"
"Mantodea","Mantidae","Miomantis","Miomantis sp.",16,"XO"
"Mantodea","Mantidae","Nullabora","Nullabora flavoguttata",28,"complex XY"
"Mantodea","Mantidae","Oligonyx","Oligonyx dohrnianus",30,"XO"
"Mantodea","Mantidae","Orthodera","Orthodera gunnii",26,"XXY"
"Mantodea","Mantidae","Orthodera","Orthodera ministralis",26,"XXY"
"Mantodea","Mantidae","Orthoderina","Orthoderina straminea",26,"XXY"
"Mantodea","Mantidae","Oxyopsis","Oxyopsis rubicunda",28,"XXY"
"Mantodea","Mantidae","Paratenodera","Paratenodera sinensis",28,"XXY"
"Mantodea","Mantidae","Parathespis","Parathespis humbertiana",32,"XO"
"Mantodea","Mantidae","Phyllovates","Phyllovates tripunctata",28,"XXY"
"Mantodea","Mantidae","Polyspilota","Polyspilota aeruginosa",28,"XXY"
"Mantodea","Mantidae","Polyspilota","Polyspilota sp.",28,"XXY"
"Mantodea","Mantidae","Promiopteryx","Promiopteryx granadensis",20,"XO"
"Mantodea","Mantidae","Pseudomiopteryx","Pseudomiopteryx infuscata",18,"XO"
"Mantodea","Mantidae","Rhodamantis","Rhodamantis pulchella",28,"XXY"
"Mantodea","Mantidae","Rhodamantis","Rhodamantis sp3'",28,"XXY"
"Mantodea","Mantidae","Schizocephala","Schizocephala bicornis",30,"XO"
"Mantodea","Mantidae","Sphodromantis","Sphodromantis gastrica",28,"XXY"
"Mantodea","Mantidae","Sphodropoda","Sphodropoda sp4",28,"XXY"
"Mantodea","Mantidae","Sphodropoda","Sphodropoda tristis",28,"XXY"
"Mantodea","Mantidae","Sphodrornantis","Sphodrornantis viridis",24,"XXY"
"Mantodea","Mantidae","Statilia","Statilia maculata",28,"XXY"
"Mantodea","Mantidae","Tenodera","Tenodera aridifolia",28,"XXY"
"Mantodea","Mantidae","Tenodera","Tenodera australasiae",28,"XXY"
"Mantodea","Mantidae","Tenodera","Tenodera superstitiosa",28,"XXY"
"Mantodea","Mantidae","Thesprotia","Thesprotia filum",30,"XO"
"Mantodea","Mantidae","Thesprotia","Thesprotia graminis",30,"XO"
"Mantodea","Mantidae","Toxomantis","Toxomantis sinensis",28,"XO"
"Mantodea","Mantidae","Vates","Vates pectinicornis",28,"XXY"
"Mantodea","Mantoididae","Mantoida","Mantoida schraderi",38,"XO"
"Phasmatodea","Phasmidae","Acrophylla","Acrophylla titan",36,"XO"
"Phasmatodea","Phasmidae","Aplopus","Aplopus mayeri",36,"XO"
"Phasmatodea","Phasmidae","Baculum","Baculum artemis",72,""
"Phasmatodea","Phasmidae","Bostra","Bostra sp.",36,"XO"
"Phasmatodea","Phasmidae","Carausius","Carausius furcillatus",NA,""
"Phasmatodea","Phasmidae","Carausius","Carausius furcillatus",NA,""
"Phasmatodea","Phasmidae","Carausius","Carausius juvenilis",42,"XO"
"Phasmatodea","Phasmidae","Carausius","Carausius morosus",NA,""
"Phasmatodea","Phasmidae","Carausius","Carausius rotundatolobatus",22,"XO"
"Phasmatodea","Phasmidae","Carausius","Carausius sp.",42,"XO"
"Phasmatodea","Phasmidae","Carausius","Carausius theiseni",NA,""
"Phasmatodea","Phasmidae","Carnacia","Carnacia telesphorus",44,"XO"
"Phasmatodea","Phasmidae","Clitumnus","Clitumnus extradentatus",38,"XO"
"Phasmatodea","Phasmidae","Clonistria","Clonistria exornata",34,"XO"
"Phasmatodea","Phasmidae","Ctenomorpha","Ctenomorpha chronus",30,"XY"
"Phasmatodea","Phasmidae","Ctenomorpha","Ctenomorpha chronus",32,"XY"
"Phasmatodea","Phasmidae","Ctenomorphodes","Ctenomorphodes sp.2",40,""
"Phasmatodea","Phasmidae","Ctenomorphodes","Ctenomorphodes tessulatus",38,"XO"
"Phasmatodea","Phasmidae","Didymuria","Didymuria violescens",27,"XY"
"Phasmatodea","Phasmidae","Didymuria","Didymuria violescens",29,"XY"
"Phasmatodea","Phasmidae","Didymuria","Didymuria violescens",29,"XY"
"Phasmatodea","Phasmidae","Didymuria","Didymuria violescens",31,"XY"
"Phasmatodea","Phasmidae","Didymuria","Didymuria violescens",32,"XO"
"Phasmatodea","Phasmidae","Didymuria","Didymuria violescens",33,"XY"
"Phasmatodea","Phasmidae","Didymuria","Didymuria violescens",33,"XY"
"Phasmatodea","Phasmidae","Didymuria","Didymuria violescens",36,"XO"
"Phasmatodea","Phasmidae","Didymuria","Didymuria violescens",38,"XO"
"Phasmatodea","Phasmidae","Didymuria","Didymuria violescens",40,"XO"
"Phasmatodea","Phasmidae","Didymuria","Didymuria violescens",40,"XO"
"Phasmatodea","Phasmidae","Dubreuilia","Dubreuilia lineata",26,"XO"
"Phasmatodea","Phasmidae","Dyme","Dyme krugiana",50,"XO"
"Phasmatodea","Phasmidae","Extatosoma","Extatosoma tiaratum",36,"XO"
"Phasmatodea","Phasmidae","Extatosoma","Extatosoma tiaratum",38,"XO"
"Phasmatodea","Phasmidae","Genus7","Genus7 longiceps",42,""
"Phasmatodea","Phasmidae","Genus8","Genus8 sp1",46,"XO"
"Phasmatodea","Phasmidae","Lampionus","Lampionus sp.",24,"XO"
"Phasmatodea","Phasmidae","Lampionus","Lampionus sp.I",30,"XO"
"Phasmatodea","Phasmidae","Lampionus","Lampionus sp.III",36,"XO"
"Phasmatodea","Phasmidae","Lampionus","Lampionus sp.V",36,"XO"
"Phasmatodea","Phasmidae","Menexenus","Menexenus semiarmatus",46,"XO"
"Phasmatodea","Phasmidae","Oncotophasma","Oncotophasma sp.",42,"XO"
"Phasmatodea","Phasmidae","Orxines","Orxines macklotti",38,"XO"
"Phasmatodea","Phasmidae","Pachymorpha","Pachymorpha simplicipes",34,""
"Phasmatodea","Phasmidae","Pachymorpha","Pachymorpha sp.3",30,"XO"
"Phasmatodea","Phasmidae","Pachymorpha","Pachymorpha squalida",34,"XO"
"Phasmatodea","Phasmidae","Parasipyloidea","Parasipyloidea annulatus",30,"XO"
"Phasmatodea","Phasmidae","Parasipyloidea","Parasipyloidea cercata",40,"XO"
"Phasmatodea","Phasmidae","Parasipyloidea","Parasipyloidea granulosa",36,"XO"
"Phasmatodea","Phasmidae","Parasipyloidea","Parasipyloidea sp2",40,"XO"
"Phasmatodea","Phasmidae","Parasipyloidea","Parasipyloidea sp3",28,"XO"
"Phasmatodea","Phasmidae","Parasipyloidea","Parasipyloidea sp4",39,"XO"
"Phasmatodea","Phasmidae","Parasipyloidea","Parasipyloidea sp5",39,"XO"
"Phasmatodea","Phasmidae","Parasosibia","Parasosibia parva",54,"XO"
"Phasmatodea","Phasmidae","Phibalosoma","Phibalosoma phyllinum",42,"XO"
"Phasmatodea","Phasmidae","Phobaeticus","Phobaeticus sinetyi",52,"XO"
"Phasmatodea","Phasmidae","Podacanthus","Podacanthus typhon",28,"XY"
"Phasmatodea","Phasmidae","Podacanthus","Podacanthus viridiroseus",36,"XO"
"Phasmatodea","Phasmidae","Podacanthus","Podacanthus wilkinsoni",36,"XO"
"Phasmatodea","Phasmidae","Pseudobacteria","Pseudobacteria sp.",48,"XO"
"Phasmatodea","Phasmidae","Sipyloidea","Sipyloidea panaeticus",22,"XO"
"Phasmatodea","Phasmidae","Sipyloidea","Sipyloidea sipylus",80,""
"Phasmatodea","Phasmidae","Sipyloidea","Sipyloidea sp6",38,""
"Phasmatodea","Phasmidae","Tropiderus","Tropiderus childrenii",34,"XO"
"Phasmatodea","Phasmidae","Vetilia","Vetilia enceladus",38,"XY"
"Phasmatodea","Phylliidae","Acanthoderus","Acanthoderus grandis",44,"XO"
"Phasmatodea","Phylliidae","Acanthoderus","Acanthoderus inermis",44,"XO"
"Phasmatodea","Phylliidae","Bacillus","Bacillus libanicus",NA,"XY"
"Phasmatodea","Phylliidae","Bacillus","Bacillus rossius",36,"XO"
"Phasmatodea","Phylliidae","Bacillus","Bacillus rossius",NA,""
"Phasmatodea","Phylliidae","Clonopsis","Clonopsis gallica",56,""
"Phasmatodea","Phylliidae","Epibacillus","Epibacillus lobipes",NA,""
"Phasmatodea","Phylliidae","Isagoras","Isagoras schraderi",34,"XY"
"Phasmatodea","Phylliidae","Isagoras","Isagoras sp.",48,"XO"
"Phasmatodea","Phylliidae","Isagoras","Isagoras subaquilus",28,"XO"
"Phasmatodea","Phylliidae","Phalces","Phalces longiscaphus",36,"XO"
"Phasmatodea","Phylliidae","Phyllium","Phyllium bioculatum",34,"XO"
"Phasmatodea","Phylliidae","Prisopus","Prisopus ariadne",28,"XY"
"Phasmatodea","Phylliidae","Prisopus","Prisopus berosus",50,"XO"
"Phasmatodea","Phylliidae","Pseudophasma","Pseudophasma menius",24,"XO"
"Orthoptera","Phalangopsidae","Endecous","Endecous alejomesai",22,"XO"
"Orthoptera","Phalangopsidae","Endecous","Endecous batariensis",22,"XO"
"Orthoptera","Phalangopsidae","Endecous","Endecous cavernicolus",22,"XO"
"Orthoptera","Phalangopsidae","Endecous","Endecous itatibensis",20,"XO"
"Orthoptera","Phalangopsidae","Endecous","Endecous onthophagus",20,"XO"
